stage_offset,moment,t_conditional,t_fixed_vs_random
12,1,0.614002,0.785511
12,2,1.109229,-2.209684
12,3,0.875229,0.736847
