stage_offset,moment,t_conditional,t_fixed_vs_random
12,1,1.231133,0.091909
12,2,0.560834,-0.422110
12,3,0.894671,0.312738
