{
  "wire_max": {
    "name": "y1_out[5]",
    "off": 0,
    "plugin": 0.021900255798167304,
    "mm": 0.0035058940268330174,
    "p99": 0.022639796106665583
  },
  "wire_max_mm": 0.0035058940268330174,
  "wire_null_p99_max": 0.02334683177007423,
  "pair_global": {
    "i": "y0_out[6]",
    "j": "y1_out[6]",
    "off": 18,
    "plugin": 1.0208496747694504,
    "mm": 0.9656665894554476,
    "p99": 0.06271554122605419
  },
  "pair_nostruct": {
    "i": "y0_out[6]",
    "j": "y1_out[6]",
    "off": 19,
    "plugin": 1.0208496747694504,
    "mm": 0.9656665894554476,
    "p99": 0.063402576601084
  },
  "tvla": {
    "genuine_stages": [
      18
    ],
    "max_cond": 0.9171913824729243,
    "max_fixed": 0.34843009964948257,
    "cond_stage": [
      18,
      0.9171913824729243
    ],
    "fixed_stage": [
      18,
      -0.34843009964948257
    ],
    "max_ho2": 1.2845213905033093,
    "max_ho3": 0.7703692540811964,
    "max_ho_all": 1.2845213905033093
  },
  "mi_stage_max": {
    "stage": 18,
    "plugin": 0.21325554671677455,
    "mm": 0.0,
    "p99": 0.22723013547124774
  },
  "mi_stage_max_corr_hw": -0.01831152476664919,
  "mi_full": {
    "plugin": 0.009292054008006357,
    "mm": 0.0
  },
  "mi_bit_max": [
    5,
    0.0017230044970187068,
    0.0006409832163519842,
    0.0022343852315689
  ]
}