stage_offset,moment,t_conditional,t_fixed_vs_random
18,1,0.917191,-0.348430
18,2,0.464846,1.284521
18,3,0.770369,0.269458
